№ закупки;Ссылка на продукт;Статус;Описание объекта;Организация;Дата размещения;Цена;Ссылка на поставщика;Заказчик;Победитель;Статус№1;Цена победителя;№2;Статус №2;Цена №2;Дата окончания контракта;Дата начала контракта;ИНН;Адрес;Контакты;ФИО Руководителя
№ 32110032726;https://zakupki.gov.ru/https://zakupki.gov.ru/223/purchase/public/purchase/info/common-info.html?regNumber=32110032726;Подача заявок;Конкурс в электронной форме на право заключения Договора на выполнение работ по восстановлению изношенного верхнего слоя покрытия автомобильнойдорогиМ-4 «Дон» Москва - Воронеж - Ростов-на-Дону-Краснодар- Новороссийск на участке км 193+000 - км 211+000 (прямое направление и транспортные развязки), Тульская область(участниками которого могут являться только субъекты малого и среднего предпринимательства);"ГОСУДАРСТВЕННАЯ КОМПАНИЯ ""РОССИЙСКИЕ АВТОМОБИЛЬНЫЕДОРОГИ""";26.02.2021;268 398 930,00 ₽;;;;;;;;;;;;;;
№ 32110032429;https://zakupki.gov.ru/https://zakupki.gov.ru/223/purchase/public/purchase/info/common-info.html?regNumber=32110032429;Подача заявок;Конкурс в электронной форме на право заключения Договора на разработку проектно-сметной и технической документации по объекту: «АвтомобильнаядорогаМ-4 «Дон» Москва – Воронеж – Ростов-на-Дону –Краснодар– Новороссийск. Капитальный ремонт моста через реку Быстрая Сосна на км 384+286 (альтернативный проезд через г. Елец), Липецкая область» (участниками которого могут являться только субъекты малого и среднего предпринимательства);"ГОСУДАРСТВЕННАЯ КОМПАНИЯ ""РОССИЙСКИЕ АВТОМОБИЛЬНЫЕДОРОГИ""";26.02.2021;13 503 320,00 ₽;;;;;;;;;;;;;;
№ 32110032295;https://zakupki.gov.ru/https://zakupki.gov.ru/223/purchase/public/purchase/info/common-info.html?regNumber=32110032295;Подача заявок;Конкурс в электронной форме на право заключения Договора на разработку проектно-сметной и технической документации по объекту: «АвтомобильнаядорогаМ-4 «Дон» Москва – Воронеж – Ростов-на-Дону –Краснодар– Новороссийск. Ремонт моста через реку Левая Богучарка на км 748+1040 (правый), Воронежская область» (участниками которого могут являться только субъекты малого и среднего предпринимательства);"ГОСУДАРСТВЕННАЯ КОМПАНИЯ ""РОССИЙСКИЕ АВТОМОБИЛЬНЫЕДОРОГИ""";26.02.2021;2 482 720,00 ₽;;;;;;;;;;;;;;
№ 32110032275;https://zakupki.gov.ru/https://zakupki.gov.ru/223/purchase/public/purchase/info/common-info.html?regNumber=32110032275;Подача заявок;Конкурс в электронной формена право заключения Договора на разработку проектно-сметной и технической документации по объекту: «АвтомобильнаядорогаМ-4 «Дон» Москва – Воронеж – Ростов-на-Дону –Краснодар– Новороссийск. Капитальный ремонт путепровода на км 542+064 (альтернативное направление через с. Новая Усмань), Воронежская область»(участниками которого могут являться только субъекты малого и среднего предпринимательства);"ГОСУДАРСТВЕННАЯ КОМПАНИЯ ""РОССИЙСКИЕ АВТОМОБИЛЬНЫЕДОРОГИ""";26.02.2021;5 589 800,00 ₽;;;;;;;;;;;;;;
№ 0818500000821000817;https://zakupki.gov.ru//epz/order/notice/ea44/view/common-info.html?regNumber=0818500000821000817;Подача заявок;Строительство объекта: «Надземный пешеходный переход на автомобильнойдорогеп.Колосистый - х.Копанской - ст-ца Новотитаровская, км 0 в городеКраснодар»;"ГОСУДАРСТВЕННОЕ КАЗЕННОЕ УЧРЕЖДЕНИЕКРАСНОДАРСКОГОКРАЯ ""ДИРЕКЦИЯ ГОСУДАРСТВЕННЫХ ЗАКУПОК""";25.02.2021;34 846 618,80 ₽;;;;;;;;;;;;;;
№ 0818500000821000816;https://zakupki.gov.ru//epz/order/notice/ea44/view/common-info.html?regNumber=0818500000821000816;Подача заявок;Строительство объекта: «Надземный пешеходный переход на автомобильнойдорогеПодъезд к г. Анапа, км 5 в городе-курорте Анапа»;"ГОСУДАРСТВЕННОЕ КАЗЕННОЕ УЧРЕЖДЕНИЕКРАСНОДАРСКОГОКРАЯ ""ДИРЕКЦИЯ ГОСУДАРСТВЕННЫХ ЗАКУПОК""";25.02.2021;38 882 456,40 ₽;;;;;;;;;;;;;;
№ 32110026622;https://zakupki.gov.ru/https://zakupki.gov.ru/223/purchase/public/purchase/info/common-info.html?regNumber=32110026622;Подача заявок;Открытый аукцион среди субъектов малого и среднего предпринимательства в электронной форме № 720/ОАЭ-ДЖВ/21 на право заключения договора оказания услуг помощи и сопровождения маломобильным пассажирам (вокзалы Туапсе, Лазаревская, Лоо, Сочи, Хоста, Адлер,Краснодар- 1, Анапа, Новороссийск, Армавир-1, Горячий Ключ, Тоннельная);"ОТКРЫТОЕ АКЦИОНЕРНОЕ ОБЩЕСТВО ""РОССИЙСКИЕ ЖЕЛЕЗНЫЕДОРОГИ""";25.02.2021;8 670 004,21 ₽;;;;;;;;;;;;;;
№ 0818500000821000803;https://zakupki.gov.ru//epz/order/notice/ok504/view/common-info.html?regNumber=0818500000821000803;Подача заявок;"Капитальный ремонт объекта: ""Автомобильнаядорогапгт.Афипский - ст-ца Новодмитриевская - г.Горячий Ключ, км 22+000 - км 31+556 в Северском районе""";"ГОСУДАРСТВЕННОЕ КАЗЕННОЕ УЧРЕЖДЕНИЕКРАСНОДАРСКОГОКРАЯ ""ДИРЕКЦИЯ ГОСУДАРСТВЕННЫХ ЗАКУПОК""";24.02.2021;419 424 487,20 ₽;;;;;;;;;;;;;;
№ 0818500000821000802;https://zakupki.gov.ru//epz/order/notice/ok504/view/common-info.html?regNumber=0818500000821000802;Подача заявок;Капитальный ремонт объекта: «Автомобильнаядорогапгт.Афипский - ст-ца Новодмитриевская - г.Горячий Ключ, км 31+556 - км 48+300 в городе Горячий Ключ»;"ГОСУДАРСТВЕННОЕ КАЗЕННОЕ УЧРЕЖДЕНИЕКРАСНОДАРСКОГОКРАЯ ""ДИРЕКЦИЯ ГОСУДАРСТВЕННЫХ ЗАКУПОК""";24.02.2021;904 992 554,40 ₽;;;;;;;;;;;;;;
№ 32110021753;https://zakupki.gov.ru/https://zakupki.gov.ru/223/purchase/public/purchase/info/common-info.html?regNumber=32110021753;Подача заявок;Конкурс в электронной форме на право заключения Договора на выполнение работ по ремонту путепровода на км 1074+570 автомобильнойдорогиМ-4 «Дон» Москва - Воронеж - Ростов-на-Дону -Краснодар- Новороссийск, Ростовская область(участниками которого могут являться только субъекты малого и среднего предпринимательства);"ГОСУДАРСТВЕННАЯ КОМПАНИЯ ""РОССИЙСКИЕ АВТОМОБИЛЬНЫЕДОРОГИ""";24.02.2021;95 466 540,00 ₽;;;;;;;;;;;;;;
№ 0318300065121000058;https://zakupki.gov.ru//epz/order/notice/ok504/view/common-info.html?regNumber=0318300065121000058;Подача заявок;Ремонт автомобильныхдорогХолмского сельского поселения Абинского районаКраснодарскогокрая;АДМИНИСТРАЦИЯ МУНИЦИПАЛЬНОГО ОБРАЗОВАНИЯ АБИНСКИЙ РАЙОН;24.02.2021;16 635 316,80 ₽;;;;;;;;;;;;;;
№ 0318300119421000195;https://zakupki.gov.ru//epz/order/notice/ea44/view/common-info.html?regNumber=0318300119421000195;Подача заявок;Выполнение работ по реконструкции автомобильнойдороги(Реконструкциядорогипо ул. им. Константина Образцова от дома № 22 до ул. Яна Полуяна и проезда от ул. им. Константина Образцова до ул. им. Тургенева в г.Краснодаре);УПРАВЛЕНИЕ ЗАКУПОК АДМИНИСТРАЦИИ МУНИЦИПАЛЬНОГО ОБРАЗОВАНИЯ ГОРОДКРАСНОДАР;20.02.2021;63 639 288,60 ₽;;;;;;;;;;;;;;
№ 0318300119421000194;https://zakupki.gov.ru//epz/order/notice/ea44/view/common-info.html?regNumber=0318300119421000194;Подача заявок;Выполнение работ по реконструкции автомобильнойдороги(Реконструкция подъезднойдорогик воздухоопорному спортивному комплексу с выходом на ул. Восточно-Кругликовскую. 1 Этап. Участок ул. Черкасской от ул. Восточно-Кругликовская до ул. Героев Разведчиков в г.Краснодаре»);УПРАВЛЕНИЕ ЗАКУПОК АДМИНИСТРАЦИИ МУНИЦИПАЛЬНОГО ОБРАЗОВАНИЯ ГОРОДКРАСНОДАР;20.02.2021;83 928 525,97 ₽;;;;;;;;;;;;;;
№ 32110018104;https://zakupki.gov.ru/https://zakupki.gov.ru/223/purchase/public/purchase/info/common-info.html?regNumber=32110018104;Подача заявок;Оказание услуг по ремонту и техническому обслуживанию автомобилей с заменой запасных частей для нуждКраснодарскогоотряда филиала ФГП ВО ЖДТ России на Северо-Кавказской железнойдороге.;"ФЕДЕРАЛЬНОЕ ГОСУДАРСТВЕННОЕ ПРЕДПРИЯТИЕ ""ВЕДОМСТВЕННАЯ ОХРАНА ЖЕЛЕЗНОДОРОЖНОГО ТРАНСПОРТА РОССИЙСКОЙ ФЕДЕРАЦИИ""";20.02.2021;468 120,00 ₽;;;;;;;;;;;;;;
№ 0318300028421000028;https://zakupki.gov.ru//epz/order/notice/ok504/view/common-info.html?regNumber=0318300028421000028;Подача заявок;"Разработка проектной и рабочей документации по строительству автомобильныхдорогместного значения Динского сельского поселения Динского района и по строительству сетей водоснабжения ""Под компактную жилищную застройку микрорайона Северный ст. Динской Динского районаКраснодарскогокрая""";АДМИНИСТРАЦИЯ МУНИЦИПАЛЬНОГО ОБРАЗОВАНИЯ ДИНСКОЙ РАЙОН;20.02.2021;11 083 693,00 ₽;;;;;;;;;;;;;;
№ 0118300003821000010;https://zakupki.gov.ru//epz/order/notice/ok504/view/common-info.html?regNumber=0118300003821000010;Подача заявок;Реализация мероприятий подпрограммы «Строительство, реконструкция, капитальный ремонт и ремонт автомобильныхдорогобщего пользования местного значения на территорииКраснодарскогокрая» государственной программыКраснодарскогокрая «Развитие сети автомобильныхдорог Краснодарскогокрая» в муниципальном образовании Лабинский район на 2021 год;АДМИНИСТРАЦИЯ МУНИЦИПАЛЬНОГО ОБРАЗОВАНИЯ ЛАБИНСКИЙ РАЙОНКРАСНОДАРСКОГОКРАЯ;19.02.2021;3 794 533,20 ₽;;;;;;;;;;;;;;
№ 0118300003821000009;https://zakupki.gov.ru//epz/order/notice/ok504/view/common-info.html?regNumber=0118300003821000009;Подача заявок;Реализация мероприятий подпрограммы «Строительство, реконструкция, капитальный ремонт и ремонт автомобильныхдорогобщего пользования местного значения на территорииКраснодарскогокрая» государственной программыКраснодарскогокрая «Развитие сети автомобильныхдорог Краснодарскогокрая» в муниципальном образовании Лабинский район на 2021 год;АДМИНИСТРАЦИЯ МУНИЦИПАЛЬНОГО ОБРАЗОВАНИЯ ЛАБИНСКИЙ РАЙОНКРАСНОДАРСКОГОКРАЯ;19.02.2021;4 625 300,80 ₽;;;;;;;;;;;;;;
№ 0118300003821000008;https://zakupki.gov.ru//epz/order/notice/ok504/view/common-info.html?regNumber=0118300003821000008;Подача заявок;Реализация мероприятий подпрограммы «Строительство, реконструкция, капитальный ремонт и ремонт автомобильныхдорогобщего пользования местного значения на территорииКраснодарскогокрая» государственной программыКраснодарскогокрая «Развитие сети автомобильныхдорог Краснодарскогокрая» в муниципальном образовании Лабинский район на 2021 год;АДМИНИСТРАЦИЯ МУНИЦИПАЛЬНОГО ОБРАЗОВАНИЯ ЛАБИНСКИЙ РАЙОНКРАСНОДАРСКОГОКРАЯ;19.02.2021;68 105 945,40 ₽;;;;;;;;;;;;;;
№ 0818500000821000735;https://zakupki.gov.ru//epz/order/notice/ok504/view/common-info.html?regNumber=0818500000821000735;Подача заявок;Выполнение работ по определению размера платы за сервитут (публичный сервитут), а также размера убытков, включая упущенную выгоду, подлежащих возмещению в связи с установлением сервитута (публичного сервитута) на части земельных участков с кадастровыми номерами 23:31:0301000:27, 23:31:0301000:768, 23:31:0301000:139, 23:31:0301000:69, 23:31:0301000:33, 23:31:0301000:83, 23:31:0301000:76, 23:31:0401000:369, 23:31:1101001:12, 23:31:0201000:736, 23:31:1101001:13, в рамках реализации объекта «Автомобильнаядорогаг. Тимашевск – ст-ца Полтавская на участке обхода города Тимашевска в Тимашевском районе» (5 этап);"ГОСУДАРСТВЕННОЕ КАЗЕННОЕ УЧРЕЖДЕНИЕКРАСНОДАРСКОГОКРАЯ ""ДИРЕКЦИЯ ГОСУДАРСТВЕННЫХ ЗАКУПОК""";19.02.2021;858 000,00 ₽;;;;;;;;;;;;;;
№ 0818500000821000723;https://zakupki.gov.ru//epz/order/notice/ok504/view/common-info.html?regNumber=0818500000821000723;Подача заявок;Выполнение работ по обеспечению земельными участками объекта «Реконструкция мостового перехода через реку Кубань на автомобильнойдорогег. Славянск-на-Кубани - г. Крымск, км 5+724 в Славянском районе» на территории Крымского и Славянского районов;"ГОСУДАРСТВЕННОЕ КАЗЕННОЕ УЧРЕЖДЕНИЕКРАСНОДАРСКОГОКРАЯ ""ДИРЕКЦИЯ ГОСУДАРСТВЕННЫХ ЗАКУПОК""";19.02.2021;1 887 000,00 ₽;;;;;;;;;;;;;;
№ 0818500000821000722;https://zakupki.gov.ru//epz/order/notice/ok504/view/common-info.html?regNumber=0818500000821000722;Подача заявок;Выполнение работ по определению размера возмещения за земельные участки, изымаемые для государственных нуждКраснодарскогокрая в рамках реализации объекта «Автомобильнаядорогаст-ца Платнировская - ст-ца Сергиевская - ст-ца Дядьковская, км 11+100 - км 14+000 в Кореновском районе», сопровождение процедуры изъятия земельных участков;"ГОСУДАРСТВЕННОЕ КАЗЕННОЕ УЧРЕЖДЕНИЕКРАСНОДАРСКОГОКРАЯ ""ДИРЕКЦИЯ ГОСУДАРСТВЕННЫХ ЗАКУПОК""";19.02.2021;740 833,33 ₽;;;;;;;;;;;;;;
№ 0818500000821000716;https://zakupki.gov.ru//epz/order/notice/ok504/view/common-info.html?regNumber=0818500000821000716;Подача заявок;Выполнение работ по определению размера возмещения за земельные участки, изымаемые для государственных нуждКраснодарскогокрая в рамках реализации объекта «Реконструкция мостового перехода через реку Кубань на автомобильнойдорогег. Славянск-на-Кубани - г. Крымск, км 5+724 в Славянском районе» на территории Славянского района, сопровождение процедуры изъятия земельных участков;"ГОСУДАРСТВЕННОЕ КАЗЕННОЕ УЧРЕЖДЕНИЕКРАСНОДАРСКОГОКРАЯ ""ДИРЕКЦИЯ ГОСУДАРСТВЕННЫХ ЗАКУПОК""";19.02.2021;1 481 666,67 ₽;;;;;;;;;;;;;;
№ 32110010067;https://zakupki.gov.ru/https://zakupki.gov.ru/223/purchase/public/purchase/info/common-info.html?regNumber=32110010067;Подача заявок;Услуги охраны учебного хозяйства по адресу: учебное хозяйство ГБПОУ КК ЛСТТ, расположенное: 352500, Россия,Краснодарскийкрай, Лабинский р-н, находится примерно 15 км (справа) по направлению наавтодорогиУсть-Лабинск-Лабинск-Упорная от ориентира город Лабинск, расположенного за пределами участка;"ГОСУДАРСТВЕННОЕ БЮДЖЕТНОЕ ПРОФЕССИОНАЛЬНОЕ ОБРАЗОВАТЕЛЬНОЕ УЧРЕЖДЕНИЕКРАСНОДАРСКОГОКРАЯ ""ЛАБИНСКИЙ СОЦИАЛЬНО-ТЕХНИЧЕСКИЙ ТЕХНИКУМ""";19.02.2021;796 422,00 ₽;;;;;;;;;;;;;;
№ 0318100051221000005;https://zakupki.gov.ru//epz/order/notice/ea44/view/common-info.html?regNumber=0318100051221000005;Подача заявок;"Выполнение работ на объекте: ""Капитальный ремонт моста через ручей Саркизова Щель на км 14+630 автомобильнойдорогиА-147 Джубга - Сочи - граница с Республикой Абхазия,Краснодарскийкрай""";"ФЕДЕРАЛЬНОЕ КАЗЕННОЕ УЧРЕЖДЕНИЕ ""УПРАВЛЕНИЕ ФЕДЕРАЛЬНЫХ АВТОМОБИЛЬНЫХДОРОГ""ЧЕРНОМОРЬЕ"" ФЕДЕРАЛЬНОГО ДОРОЖНОГО АГЕНТСТВА""";19.02.2021;134 385 682,00 ₽;;;;;;;;;;;;;;
№ 0318100051221000004;https://zakupki.gov.ru//epz/order/notice/ea44/view/common-info.html?regNumber=0318100051221000004;Подача заявок;"Выполнение работ по объекту: ""Капитальный ремонт водопропускной трубы на км 68+971 автомобильнойдорогиА-147 Джубга - Сочи - граница с Республикой Абхазия,Краснодарскийкрай""";"ФЕДЕРАЛЬНОЕ КАЗЕННОЕ УЧРЕЖДЕНИЕ ""УПРАВЛЕНИЕ ФЕДЕРАЛЬНЫХ АВТОМОБИЛЬНЫХДОРОГ""ЧЕРНОМОРЬЕ"" ФЕДЕРАЛЬНОГО ДОРОЖНОГО АГЕНТСТВА""";19.02.2021;6 317 113,00 ₽;;;;;;;;;;;;;;
№ 32110008497;https://zakupki.gov.ru/https://zakupki.gov.ru/223/purchase/public/purchase/info/common-info.html?regNumber=32110008497;Подача заявок;Запрос котировок среди субъектов малого и среднего предпринимательства в электронной форме № 253/ЗКТЭ-ЦСС/21 на право заключения договора выполнения работ по текущему ремонту модулей связи (контейнер связи) и нежилого здания поКраснодарскомурегиональному центру связи;"ОТКРЫТОЕ АКЦИОНЕРНОЕ ОБЩЕСТВО ""РОССИЙСКИЕ ЖЕЛЕЗНЫЕДОРОГИ""";18.02.2021;818 533,20 ₽;;;;;;;;;;;;;;
№ 0318300119421000166;https://zakupki.gov.ru//epz/order/notice/ea44/view/common-info.html?regNumber=0318300119421000166;Подача заявок;Выполнение работ по демонтажу бетонных оснований и благоустройству территории Центрального внутригородского округа городаКраснодарав 2021 году;УПРАВЛЕНИЕ ЗАКУПОК АДМИНИСТРАЦИИ МУНИЦИПАЛЬНОГО ОБРАЗОВАНИЯ ГОРОДКРАСНОДАР;18.02.2021;500 000,00 ₽;;;;;;;;;;;;;;
№ 0318300119421000164;https://zakupki.gov.ru//epz/order/notice/ea44/view/common-info.html?regNumber=0318300119421000164;Подача заявок;Выполнение строительно-монтажных работ по объекту: «Капитальный ремонт автомобильныхдорог(в части устройства тротуаров) на территории муниципального образования городКраснодарв 2021 году»;УПРАВЛЕНИЕ ЗАКУПОК АДМИНИСТРАЦИИ МУНИЦИПАЛЬНОГО ОБРАЗОВАНИЯ ГОРОДКРАСНОДАР;18.02.2021;33 391 948,78 ₽;;;;;;;;;;;;;;
№ 0318300119421000156;https://zakupki.gov.ru//epz/order/notice/ea44/view/common-info.html?regNumber=0318300119421000156;Подача заявок;Выполнение работ по ремонту внутриквартальныхдорогтерритории Центрального внутригородского округа городаКраснодарав 2021 году;УПРАВЛЕНИЕ ЗАКУПОК АДМИНИСТРАЦИИ МУНИЦИПАЛЬНОГО ОБРАЗОВАНИЯ ГОРОДКРАСНОДАР;17.02.2021;3 250 000,00 ₽;;;;;;;;;;;;;;
№ 0818500000821000615;https://zakupki.gov.ru//epz/order/notice/ea44/view/common-info.html?regNumber=0818500000821000615;Подача заявок;Строительство объекта: «Надземный пешеходный переход на автомобильнойдорогег.Краснодар- г. Ейск, км 7+180 в городеКраснодар»;"ГОСУДАРСТВЕННОЕ КАЗЕННОЕ УЧРЕЖДЕНИЕКРАСНОДАРСКОГОКРАЯ ""ДИРЕКЦИЯ ГОСУДАРСТВЕННЫХ ЗАКУПОК""";16.02.2021;31 651 232,40 ₽;;;;;;;;;;;;;;
№ 0818500000821000614;https://zakupki.gov.ru//epz/order/notice/ea44/view/common-info.html?regNumber=0818500000821000614;Подача заявок;Строительство объекта: «Надземный пешеходный переход на автомобильнойдорогег.Краснодар- г. Ейск, км 6+390 в городеКраснодар»;"ГОСУДАРСТВЕННОЕ КАЗЕННОЕ УЧРЕЖДЕНИЕКРАСНОДАРСКОГОКРАЯ ""ДИРЕКЦИЯ ГОСУДАРСТВЕННЫХ ЗАКУПОК""";16.02.2021;34 666 285,20 ₽;;;;;;;;;;;;;;
№ 0818500000821000613;https://zakupki.gov.ru//epz/order/notice/ea44/view/common-info.html?regNumber=0818500000821000613;Подача заявок;Строительство объекта: «Надземный пешеходный переход на автомобильнойдорогег.Краснодар- г. Ейск, км 5+500 в городеКраснодар»;"ГОСУДАРСТВЕННОЕ КАЗЕННОЕ УЧРЕЖДЕНИЕКРАСНОДАРСКОГОКРАЯ ""ДИРЕКЦИЯ ГОСУДАРСТВЕННЫХ ЗАКУПОК""";16.02.2021;36 717 517,20 ₽;;;;;;;;;;;;;;
№ 0118300018721000026;https://zakupki.gov.ru//epz/order/notice/ea44/view/common-info.html?regNumber=0118300018721000026;Подача заявок;Выполнение работ по ремонту автомобильныхдорогобщего пользования местного значения в границах муниципального образования городской округ город-курорт СочиКраснодарскогокрая по мероприятию «Капитальный ремонт и ремонт автомобильныхдорогобщего пользования местного значения (включая проектно-изыскательские работы)» муниципальной программы города Сочи «Дорожная деятельность на территории муниципального образования город-курорт Сочи», утвержденной постановлением администрации города Сочи №3707 от 29.12.2015;АДМИНИСТРАЦИЯ МУНИЦИПАЛЬНОГО ОБРАЗОВАНИЯ ГОРОДСКОЙ ОКРУГ ГОРОД-КУРОРТ СОЧИКРАСНОДАРСКОГОКРАЯ;15.02.2021;1 186 369,00 ₽;;;;;;;;;;;;;;
№ 0118300018721000025;https://zakupki.gov.ru//epz/order/notice/ea44/view/common-info.html?regNumber=0118300018721000025;Подача заявок;Выполнение работ по проведению лабораторных испытаний дорожно-строительных материалов, в том числе готовых конструктивных элементов на автомобильныхдорогахобщего пользования местного значения в границах муниципального образования городской округ город-курорт СочиКраснодарскогокрая;АДМИНИСТРАЦИЯ МУНИЦИПАЛЬНОГО ОБРАЗОВАНИЯ ГОРОДСКОЙ ОКРУГ ГОРОД-КУРОРТ СОЧИКРАСНОДАРСКОГОКРАЯ;15.02.2021;2 500 000,00 ₽;;;;;;;;;;;;;;
№ 0318300554421000019;https://zakupki.gov.ru//epz/order/notice/ea44/view/common-info.html?regNumber=0318300554421000019;Подача заявок;Обустройство тротуара по ул. Октябрьской от ул. Гагарина до ул.Краснодарскойв станице Новомышастовской Красноармейского района;ОТДЕЛ ПО ЗАКУПКАМ ДЛЯ МУНИЦИПАЛЬНЫХ НУЖД И ТОРГАМ АДМИНИСТРАЦИИ МУНИЦИПАЛЬНОГО ОБРАЗОВАНИЯ КРАСНОАРМЕЙСКИЙ РАЙОН;12.02.2021;2 538 000,00 ₽;;;;;;;;;;;;;;
№ 0818500000821000542;https://zakupki.gov.ru//epz/order/notice/ea44/view/common-info.html?regNumber=0818500000821000542;Определение поставщика завершено;"Капитальный ремонт объекта: ""Мостовой переход через р.Полтавский Ерик на автомобильнойдорогех. Трудобеликовский - ст-ца Полтавская, км 11+104 в Красноармейском районе"". Корректировка";"ГОСУДАРСТВЕННОЕ КАЗЕННОЕ УЧРЕЖДЕНИЕКРАСНОДАРСКОГОКРАЯ ""ДИРЕКЦИЯ ГОСУДАРСТВЕННЫХ ЗАКУПОК""";11.02.2021;7 637 076,00 ₽;https://zakupki.gov.ru/epz/order/notice/ea44/view/supplier-results.html?regNumber=0818500000821000542;МИНИСТЕРСТВО ТРАНСПОРТА И ДОРОЖНОГО ХОЗЯЙСТВА КРАСНОДАРСКОГО КРАЯ;;;;;;;;;;;;
№ 0318300028421000020;https://zakupki.gov.ru//epz/order/notice/ea44/view/common-info.html?regNumber=0318300028421000020;Определение поставщика завершено;...  поселения, предназначенное для освещения автомобильныхдорогв станице Динской по ул ... . Коммунальной до ул.Краснодарской, ул. Пушкина от ул ... . Тельмана, ул.Краснодарскойот ул.Краснодарскойдо ул. ...;АДМИНИСТРАЦИЯ МУНИЦИПАЛЬНОГО ОБРАЗОВАНИЯ ДИНСКОЙ РАЙОН;11.02.2021;1 707 159,68 ₽;https://zakupki.gov.ru/epz/order/notice/ea44/view/supplier-results.html?regNumber=0318300028421000020;АДМИНИСТРАЦИЯ МУНИЦИПАЛЬНОГО ОБРАЗОВАНИЯ ДИНСКОЕ СЕЛЬСКОЕ ПОСЕЛЕНИЕ В СОСТАВЕ МУНИЦИПАЛЬНОГО ОБРАЗОВАНИЯ ДИНСКОЙ РАЙОН;Белоцерковская З. А.;1 - Победитель;1 425 478,28;"ОБЩЕСТВО С ОГРАНИЧЕННОЙ ОТВЕТСТВЕННОСТЬЮ ""КРАСНОАРМЕЙСКАЯКАПСТРОЙ""";2 - Второй номер;1 434 014,08;;;;;;
№ 0818500000821000534;https://zakupki.gov.ru//epz/order/notice/ok504/view/common-info.html?regNumber=0818500000821000534;Подача заявок;"Капитальный ремонт объекта: ""Путепровод через железнуюдорогуна автомобильнойдорогег.Краснодар- г.Ейск, км 59+756 в Тимашевском районе"". Корректировка";"ГОСУДАРСТВЕННОЕ КАЗЕННОЕ УЧРЕЖДЕНИЕКРАСНОДАРСКОГОКРАЯ ""ДИРЕКЦИЯ ГОСУДАРСТВЕННЫХ ЗАКУПОК""";11.02.2021;44 441 900,40 ₽;;;;;;;;;;;;;;
№ 0818500000821000532;https://zakupki.gov.ru//epz/order/notice/ok504/view/common-info.html?regNumber=0818500000821000532;Подача заявок;Капитальный ремонт объекта: «АвтомобильнаядорогаПодъезд к с.Харциз Первый, км 0+070 - км 3+105 в городе-курорте Сочи»;"ГОСУДАРСТВЕННОЕ КАЗЕННОЕ УЧРЕЖДЕНИЕКРАСНОДАРСКОГОКРАЯ ""ДИРЕКЦИЯ ГОСУДАРСТВЕННЫХ ЗАКУПОК""";11.02.2021;575 627 884,80 ₽;;;;;;;;;;;;;;
№ 0318100051221000002;https://zakupki.gov.ru//epz/order/notice/ea44/view/common-info.html?regNumber=0318100051221000002;Подача заявок;"Выполнение  работ по объекту: ""Ремонт автомобильнойдорогиА-160 Майкоп - Бжедугхабль - Адыгейск - Усть-Лабинск - Кореновск на участке км 30+000 - км 50+683 (I этап км 40+002 - км 50+683),Краснодарскийкрай""";"ФЕДЕРАЛЬНОЕ КАЗЕННОЕ УЧРЕЖДЕНИЕ ""УПРАВЛЕНИЕ ФЕДЕРАЛЬНЫХ АВТОМОБИЛЬНЫХДОРОГ""ЧЕРНОМОРЬЕ"" ФЕДЕРАЛЬНОГО ДОРОЖНОГО АГЕНТСТВА""";11.02.2021;405 031 120,00 ₽;;;;;;;;;;;;;;
№ 0318100051221000001;https://zakupki.gov.ru//epz/order/notice/ea44/view/common-info.html?regNumber=0318100051221000001;Определение поставщика завершено;"Выполнение  работ по объекту: ""Ремонт автомобильнойдорогиР-217 ""Кавказ"" автомобильнаядорогаМ-4 ""Дон"" - Владикавказ - Грозный - Махачкала - граница с Азербайджанской Республикой на участке км 34+000 - км 39+000,Краснодарскийкрай""";"ФЕДЕРАЛЬНОЕ КАЗЕННОЕ УЧРЕЖДЕНИЕ ""УПРАВЛЕНИЕ ФЕДЕРАЛЬНЫХ АВТОМОБИЛЬНЫХДОРОГ""ЧЕРНОМОРЬЕ"" ФЕДЕРАЛЬНОГО ДОРОЖНОГО АГЕНТСТВА""";11.02.2021;242 829 910,00 ₽;https://zakupki.gov.ru/epz/order/notice/ea44/view/supplier-results.html?regNumber=0318100051221000001;"ФЕДЕРАЛЬНОЕ КАЗЕННОЕ УЧРЕЖДЕНИЕ ""УПРАВЛЕНИЕ ФЕДЕРАЛЬНЫХ АВТОМОБИЛЬНЫХ ДОРОГ ""ЧЕРНОМОРЬЕ"" ФЕДЕРАЛЬНОГО ДОРОЖНОГО АГЕНТСТВА""";;По окончании срока подачи заявок подана только одна заявка. Такая заявка признана соответствующей требованиям Федерального закона № 44-ФЗ и документации об аукционе. Электронный аукцион признан несостоявшимся по основанию, предусмотренному ч. 1 ст. 71 Федерального закона № 44-ФЗ;;"ОБЩЕСТВО С ОГРАНИЧЕННОЙ ОТВЕТСТВЕННОСТЬЮ ""ДЕЛЬТА""";;242 829 910,00;;;;;;
№ 0118300018721000017;https://zakupki.gov.ru//epz/order/notice/ea44/view/common-info.html?regNumber=0118300018721000017;Определение поставщика завершено;Выполнение работ по механизированной мойке и уборке прилотковой частидорогна территории Центрального внутригородского района муниципального образования городской округ город-курорт СочиКраснодарскогокрая;АДМИНИСТРАЦИЯ МУНИЦИПАЛЬНОГО ОБРАЗОВАНИЯ ГОРОДСКОЙ ОКРУГ ГОРОД-КУРОРТ СОЧИКРАСНОДАРСКОГОКРАЯ;10.02.2021;4 390 471,18 ₽;https://zakupki.gov.ru/epz/order/notice/ea44/view/supplier-results.html?regNumber=0118300018721000017;АДМИНИСТРАЦИЯ ЦЕНТРАЛЬНОГО ВНУТРИГОРОДСКОГО РАЙОНА МУНИЦИПАЛЬНОГО ОБРАЗОВАНИЯ ГОРОДСКОЙ ОКРУГ ГОРОД-КУРОРТ СОЧИ КРАСНОДАРСКОГО КРАЯ;;По окончании срока подачи заявок подана только одна заявка. Такая заявка признана соответствующей требованиям Федерального закона № 44-ФЗ и документации об аукционе. Электронный аукцион признан несостоявшимся по основанию, предусмотренному ч. 1 ст. 71 Федерального закона № 44-ФЗ;;"ОБЩЕСТВО С ОГРАНИЧЕННОЙ ОТВЕТСТВЕННОСТЬЮ ""БЛАГОУСТРОЙСТВО""";;4 390 471,18;;;;;;
№ 0318300225021000048;https://zakupki.gov.ru//epz/order/notice/ea44/view/common-info.html?regNumber=0318300225021000048;Определение поставщика завершено;"Обустройство пешеходных коммуникаций, в том числе тротуара по улицам Гагарина и Красноармейской  в станице Петровской Славянского районаКраснодарскогокрая в рамках реализации муниципальной программы ""Комплексное развитие сельских территорий""";АДМИНИСТРАЦИЯ МУНИЦИПАЛЬНОГО ОБРАЗОВАНИЯ СЛАВЯНСКИЙ РАЙОН;10.02.2021;4 918 000,00 ₽;https://zakupki.gov.ru/epz/order/notice/ea44/view/supplier-results.html?regNumber=0318300225021000048;АДМИНИСТРАЦИЯ ПЕТРОВСКОГО СЕЛЬСКОГО ПОСЕЛЕНИЯ СЛАВЯНСКОГО РАЙОНА;"ОБЩЕСТВО С ОГРАНИЧЕННОЙ ОТВЕТСТВЕННОСТЬЮ ""ЮГ ТЕПЛО СЕРВИС""";1 - Победитель;3 713 090,00;"ОБЩЕСТВО С ОГРАНИЧЕННОЙ ОТВЕТСТВЕННОСТЬЮ ""ЮГСТРОЙ ПЛЮС""";2 - Второй номер;3 737 680,00;;;;;;
№ 0318300065121000033;https://zakupki.gov.ru//epz/order/notice/ea44/view/common-info.html?regNumber=0318300065121000033;Определение поставщика завершено;Тротуар в станице Холмской по улице Чуприны, Абинского района,Краснодарскогокрая;АДМИНИСТРАЦИЯ МУНИЦИПАЛЬНОГО ОБРАЗОВАНИЯ АБИНСКИЙ РАЙОН;09.02.2021;1 226 699,00 ₽;https://zakupki.gov.ru/epz/order/notice/ea44/view/supplier-results.html?regNumber=0318300065121000033;АДМИНИСТРАЦИЯ ХОЛМСКОГО СЕЛЬСКОГО ПОСЕЛЕНИЯ АБИНСКОГО РАЙОНА;"ОБЩЕСТВО С ОГРАНИЧЕННОЙ ОТВЕТСТВЕННОСТЬЮ ФИРМА ""ТРУД""";1 - Победитель;926 157,50;"ОБЩЕСТВО С ОГРАНИЧЕННОЙ ОТВЕТСТВЕННОСТЬЮ ""ЕВРОСТАН""";2 - Второй номер;932 291,00;;;;;;
№ 0318300065121000032;https://zakupki.gov.ru//epz/order/notice/ea44/view/common-info.html?regNumber=0318300065121000032;Определение поставщика завершено;Тротуар в станице Холмской по улице Толстого, Абинского района,Краснодарскогокрая;АДМИНИСТРАЦИЯ МУНИЦИПАЛЬНОГО ОБРАЗОВАНИЯ АБИНСКИЙ РАЙОН;09.02.2021;1 069 970,00 ₽;https://zakupki.gov.ru/epz/order/notice/ea44/view/supplier-results.html?regNumber=0318300065121000032;АДМИНИСТРАЦИЯ ХОЛМСКОГО СЕЛЬСКОГО ПОСЕЛЕНИЯ АБИНСКОГО РАЙОНА;Черный александр николаевич -.;1 - Победитель;845 276,30;"ОБЩЕСТВО С ОГРАНИЧЕННОЙ ОТВЕТСТВЕННОСТЬЮ ФИРМА ""ТРУД""";2 - Второй номер;850 626,15;;;;;;
№ 0818300019921000012;https://zakupki.gov.ru//epz/order/notice/ea44/view/common-info.html?regNumber=0818300019921000012;Определение поставщика завершено;Обустройство тротуара по улице  Зеленой в хуторе Беднягина Тимашевского районаКраснодарскогокрая;"МУНИЦИПАЛЬНОЕ КАЗЕННОЕ УЧРЕЖДЕНИЕ ""ЦЕНТР МУНИЦИПАЛЬНЫХ ЗАКУПОК"" МУНИЦИПАЛЬНОГО ОБРАЗОВАНИЯ ТИМАШЕВСКИЙ РАЙОН";08.02.2021;2 547 366,00 ₽;https://zakupki.gov.ru/epz/order/notice/ea44/view/supplier-results.html?regNumber=0818300019921000012;АДМИНИСТРАЦИЯ СЕЛЬСКОГО ПОСЕЛЕНИЯ КУБАНЕЦ ТИМАШЕВСКОГО РАЙОНА;"ОБЩЕСТВО С ОГРАНИЧЕННОЙ ОТВЕТСТВЕННОСТЬЮ ""АРТ СЕРВИС СТРОЙ""";1 - Победитель;1 658 000,23;Кучеренко владимир александрович -.;2 - Второй номер;1 670 737,06;;;;;;
№ 0318300554421000014;https://zakupki.gov.ru//epz/order/notice/ea44/view/common-info.html?regNumber=0318300554421000014;Определение поставщика завершено;Ремонт тротуара по ул. Афанасенко (четная сторона) от ул. Первомайской до ул. Стахановской в станице Старонижестеблиевской Красноармейского районаКраснодарскогокрая;ОТДЕЛ ПО ЗАКУПКАМ ДЛЯ МУНИЦИПАЛЬНЫХ НУЖД И ТОРГАМ АДМИНИСТРАЦИИ МУНИЦИПАЛЬНОГО ОБРАЗОВАНИЯ КРАСНОАРМЕЙСКИЙ РАЙОН;08.02.2021;2 495 797,00 ₽;https://zakupki.gov.ru/epz/order/notice/ea44/view/supplier-results.html?regNumber=0318300554421000014;АДМИНИСТРАЦИЯ СТАРОНИЖЕСТЕБЛИЕВСКОГО СЕЛЬСКОГО ПОСЕЛЕНИЯ КРАСНОАРМЕЙСКОГО РАЙОНА;"ОБЩЕСТВО С ОГРАНИЧЕННОЙ ОТВЕТСТВЕННОСТЬЮ ""ЮГ-РЕГИОН""";1 - Победитель;1 846 889,62;"ОБЩЕСТВО С ОГРАНИЧЕННОЙ ОТВЕТСТВЕННОСТЬЮ ""СТИМУЛ-ЛАЙ""";2 - Второй номер;1 859 368,61;;;;;;
№ 0318300554421000013;https://zakupki.gov.ru//epz/order/notice/ea44/view/common-info.html?regNumber=0318300554421000013;Определение поставщика завершено;Ремонт тротуара по ул. Чигрина (четная сторона) от ул. Дорожной до ул. Кооперативной в станице Старонижестеблиевской Красноармейского районаКраснодарскогокрая;ОТДЕЛ ПО ЗАКУПКАМ ДЛЯ МУНИЦИПАЛЬНЫХ НУЖД И ТОРГАМ АДМИНИСТРАЦИИ МУНИЦИПАЛЬНОГО ОБРАЗОВАНИЯ КРАСНОАРМЕЙСКИЙ РАЙОН;08.02.2021;2 517 908,00 ₽;https://zakupki.gov.ru/epz/order/notice/ea44/view/supplier-results.html?regNumber=0318300554421000013;АДМИНИСТРАЦИЯ СТАРОНИЖЕСТЕБЛИЕВСКОГО СЕЛЬСКОГО ПОСЕЛЕНИЯ КРАСНОАРМЕЙСКОГО РАЙОНА;"ОБЩЕСТВО С ОГРАНИЧЕННОЙ ОТВЕТСТВЕННОСТЬЮ ""ЮГ-РЕГИОН""";1 - Победитель;1 888 430,32;"ОБЩЕСТВО С ОГРАНИЧЕННОЙ ОТВЕТСТВЕННОСТЬЮ ""СТИМУЛ-ЛАЙ""";2 - Второй номер;1 901 019,86;;;;;;
№ 0318300119421000054;https://zakupki.gov.ru//epz/order/notice/ok504/view/common-info.html?regNumber=0318300119421000054;Подача заявок;Оказание услуг по проведению лабораторных испытаний дорожно-строительных материалов, в том числе готовых конструктивных элементов на автомобильныхдорогахместного значения в границах муниципального образования городКраснодар;УПРАВЛЕНИЕ ЗАКУПОК АДМИНИСТРАЦИИ МУНИЦИПАЛЬНОГО ОБРАЗОВАНИЯ ГОРОДКРАСНОДАР;05.02.2021;5 201 372,23 ₽;;;;;;;;;;;;;;
№ 0818300019921000011;https://zakupki.gov.ru//epz/order/notice/ea44/view/common-info.html?regNumber=0818300019921000011;Определение поставщика завершено;Обустройство тротуара по улице Заречная от дома № 1 до дома № 49 в  хуторе Беднягина Тимашевского районаКраснодарскогокрая;"МУНИЦИПАЛЬНОЕ КАЗЕННОЕ УЧРЕЖДЕНИЕ ""ЦЕНТР МУНИЦИПАЛЬНЫХ ЗАКУПОК"" МУНИЦИПАЛЬНОГО ОБРАЗОВАНИЯ ТИМАШЕВСКИЙ РАЙОН";05.02.2021;2 033 934,00 ₽;https://zakupki.gov.ru/epz/order/notice/ea44/view/supplier-results.html?regNumber=0818300019921000011;АДМИНИСТРАЦИЯ СЕЛЬСКОГО ПОСЕЛЕНИЯ КУБАНЕЦ ТИМАШЕВСКОГО РАЙОНА;"ОБЩЕСТВО С ОГРАНИЧЕННОЙ ОТВЕТСТВЕННОСТЬЮ ""АРТ СЕРВИС СТРОЙ""";1 - Победитель;1 352 451,98;Кучеренко владимир александрович -.;2 - Второй номер;1 362 621,65;;;;;;
№ 0818600006121000007;https://zakupki.gov.ru//epz/order/notice/ea44/view/common-info.html?regNumber=0818600006121000007;Определение поставщика завершено;Ремонт тротуара по ул. Кирова от ул. Овражной до ул. Западной в ст. Отрадной Отрадненского районаКраснодарскогокрая;"МУНИЦИПАЛЬНОЕ КАЗЕННОЕ УЧРЕЖДЕНИЕ ""ЦЕНТР МУНИЦИПАЛЬНЫХ ЗАКУПОК И УСЛУГ""";04.02.2021;909 600,00 ₽;https://zakupki.gov.ru/epz/order/notice/ea44/view/supplier-results.html?regNumber=0818600006121000007;АДМИНИСТРАЦИЯ ОТРАДНЕНСКОГО СЕЛЬСКОГО ПОСЕЛЕНИЯ ОТРАДНЕНСКОГО РАЙОНА;"ОБЩЕСТВО С ОГРАНИЧЕННОЙ ОТВЕТСТВЕННОСТЬЮ ""АЛЬБ-ГРУПП""";1 - Победитель;764 064,00;"ОБЩЕСТВО С ОГРАНИЧЕННОЙ ОТВЕТСТВЕННОСТЬЮ ""ПРОЗЕРПИНА""";2 - Второй номер;764 064,00;;;;;;
№ 32109949856;https://zakupki.gov.ru/https://zakupki.gov.ru/223/purchase/public/purchase/info/common-info.html?regNumber=32109949856;Закупка завершена;Выполнение работ по восстановлению дорожного покрытиядорогобщего пользования, тротуаров  и благоустройству после капитального ремонта трамвайных путей;"МУНИЦИПАЛЬНОЕ УНИТАРНОЕ ПРЕДПРИЯТИЕ ""КРАСНОДАРСКОЕТРАМВАЙНО-ТРОЛЛЕЙБУСНОЕ УПРАВЛЕНИЕ"" МУНИЦИПАЛЬНОГО ОБРАЗОВАНИЯ ГОРОДКРАСНОДАР";02.02.2021;5 407 008,00 ₽;;;;;;;;;;;;;;
№ 32109942467;https://zakupki.gov.ru/https://zakupki.gov.ru/223/purchase/public/purchase/info/common-info.html?regNumber=32109942467;Закупка отменена;Конкурс в электронной форме на право заключения Договора на выполнение работ по восстановлению изношенного верхнего слоя покрытия автомобильнойдорогиМ-4 «Дон» Москва - Воронеж – Ростов-на-Дону –Краснодар– Новороссийск на участке км 1007+000 - км 1024+000, Ростовская область (участниками которого могут являться только субъекты малого и среднего предпринимательства);"ГОСУДАРСТВЕННАЯ КОМПАНИЯ ""РОССИЙСКИЕ АВТОМОБИЛЬНЫЕДОРОГИ""";29.01.2021;317 113 460,00 ₽;;;;;;;;;;;;;;
№ 32109942446;https://zakupki.gov.ru/https://zakupki.gov.ru/223/purchase/public/purchase/info/common-info.html?regNumber=32109942446;Закупка отменена;Конкурс в электронной форме на право заключения договора на выполнение работ по восстановлению изношенного верхнего слоя покрытия автомобильнойдорогиМ-4 «Дон» Москва - Воронеж – Ростов-на-Дону –Краснодар– Новороссийск на участке км 974+000- км 982+000, Ростовская область (участниками которого могут являться только субъекты малого и среднего предпринимательства);"ГОСУДАРСТВЕННАЯ КОМПАНИЯ ""РОССИЙСКИЕ АВТОМОБИЛЬНЫЕДОРОГИ""";29.01.2021;170 239 910,00 ₽;;;;;;;;;;;;;;
№ 32109936648;https://zakupki.gov.ru/https://zakupki.gov.ru/223/purchase/public/purchase/info/common-info.html?regNumber=32109936648;Закупка завершена;Поставка продуктов питания (крупы, масло, соль) для служебных собакКраснодарскогоотряда филиала ФГП ВО ЖДТ России на Северо-Кавказской железнойдороге;"ФЕДЕРАЛЬНОЕ ГОСУДАРСТВЕННОЕ ПРЕДПРИЯТИЕ ""ВЕДОМСТВЕННАЯ ОХРАНА ЖЕЛЕЗНОДОРОЖНОГО ТРАНСПОРТА РОССИЙСКОЙ ФЕДЕРАЦИИ""";28.01.2021;205 311,68 ₽;;;;;;;;;;;;;;
№ 0158200000521000010;https://zakupki.gov.ru//epz/order/notice/ok504/view/common-info.html?regNumber=0158200000521000010;Определение поставщика завершено;Реконструкция автомобильнойдорогиобщего пользования регионального значения г. Азов – с. Александровка –  ст. Староминская (до границыКраснодарскогокрая) на участке км 41+500 – 51+500 в Азовском районе;МИНИСТЕРСТВО ТРАНСПОРТА РОСТОВСКОЙ ОБЛАСТИ;28.01.2021;340 241 600,00 ₽;https://zakupki.gov.ru/epz/order/notice/ea44/view/supplier-results.html?regNumber=0158200000521000010;МИНИСТЕРСТВО ТРАНСПОРТА РОСТОВСКОЙ ОБЛАСТИ;"ОБЩЕСТВО С ОГРАНИЧЕННОЙ ОТВЕТСТВЕННОСТЬЮ ""Т-ТРАНС""";1 - Победитель;339 241 600,00;"ОБЩЕСТВО С ОГРАНИЧЕННОЙ ОТВЕТСТВЕННОСТЬЮ ""ВОЛГОГРАДАВТОДОРСТРОЙ""";2 - Второй номер;340 000 000,00;;;;;;
